{"est_eps": [[2.4282726545812524e-06, 1.863009894804853e-06]], "eps": [[2.428272654581253e-06, 1.8630098948048536e-06]], "f_sol": [[0.0, 2.305843009213694e+18]], "Jacobian": [[[-1.7442212675136798e+39, -2.206874318044023e+37], [-2.6915497887509705e+37, -2.5865390841897396e+39]]], "LS": [[0.04292774200439453, 13]]}