{"est_eps": [[2.4291926986630446e-06, 1.8400000000000004e-06]], "eps": [[2.428272654581253e-06, 1.8630098948048536e-06]], "f_sol": [[-3.61526995961162e+30, 3.726329716707209e+30]], "Jacobian": [[[-1.7433372620338522e+39, -2.2007667606161387e+37], [-1.691378728680721e+39, -2.1030699009799134e+37]]], "LS": [[0.1185462474822998, 9]]}