{"est_eps": [[1.8400000000000004e-06, 1.8708639066539443e-06]], "eps": [[2.428272654581253e-06, 1.8630098948048536e-06]], "f_sol": [[9.94002414014978e+30, -1.0039740606963949e+31]], "Jacobian": [[[-2.507748061343036e+37, -2.5758384059545947e+39], [-2.595039007218984e+37, -2.5502547259254265e+39]]], "LS": [[0.29268574714660645, 12]]}