{"est_eps": [[2.429618074865106e-06, 1.8698362403751566e-06], [2.513073834526611e-06, 2.463369658716967e-06], [2.232164597828075e-06, 1.8703905680215034e-06]], "eps": [[2.428272654581253e-06, 1.8630098948048536e-06], [2.5175535170308914e-06, 2.4625635284290783e-06], [2.2281680741104486e-06, 1.8674134418830247e-06]], "f_sol": [[1.930468411871987e+30, -1.063791956166893e+31, -1.9484101611288676e+30, 1.1012963187789028e+31], [9.668991171350385e+30, 2.0011243684918068e+30, -9.767075954907136e+30, -2.057549819033936e+30], [-8.711242438389667e+28, 1.7580373298417125e+29, 8.796697178498333e+28, -1.8175153303466065e+29]], "Jacobian": [[[-2.682190577302209e+37, -2.5738917419258355e+39], [-1.7427462322140465e+39, -2.2079548697755743e+37], [-2.7663346178328227e+37, -2.5481524275491907e+39], [-1.68359003598271e+39, -2.0966400782581447e+37]], [[-2.359416775236479e+37, -1.7042051945955128e+39], [-1.6542734810183353e+39, -2.322611837946138e+37], [-2.4321467415966896e+37, -1.6871640146983228e+39], [-1.60433016199492e+39, -2.2242131282588e+37]], [[-2.6218110233285617e+37, -2.5741422646226675e+39], [-1.9782243258980098e+39, -2.303685156295223e+37], [-2.707369156700145e+37, -2.548399654606383e+39], [-1.9140245189595757e+39, -2.192620033546217e+37]]], "LS": [[0.07734513282775879, 9], [0.05260467529296875, 7], [0.08553242683410645, 10]]}