{"est_eps": [[2.4282726549371583e-06, 1.8630098947626105e-06, 2.093026972543705e-06, 2.0453538791391553e-06]], "eps": [[2.428272654581253e-06, 1.8630098948048536e-06, 2.0930269728995898e-06, 2.0453538790969167e-06]], "f_sol": [[0.0, 0.0, 0.0, -2.305843009213694e+18, 0.0]], "Jacobian": [[[-1.2852755601902418e+37, -1.2085203676622812e+39, -1.2884444307002865e+37, -1.2089059453096001e+39], [-1.327084920566399e+37, -1.196438035221571e+39, -1.3300943772434804e+37, -1.1968142705970877e+39], [-1.2304111426416612e+37, -1.1724541833962042e+39, -1.233537117446147e+37, -1.1728282564298999e+39], [-1.2401677604800448e+37, -1.1964349984312475e+39, -1.243242103629543e+37, -1.1968170366507757e+39], [-3.3040788891255504e+37, -1.1726913101144654e+39, -3.307759638487655e+37, -1.17306640478433e+39]]], "LS": [[3.176872968673706, 160]]}