{"est_eps": [[2.430964939633869e-06, 1.8631630581702446e-06]], "eps": [[2.428272654581253e-06, 1.8630098948048536e-06]], "f_sol": [[2.8702334580883766e+29, 2.976255158651596e+30, -2.9409501558669223e+29, -3.002647854216069e+30]], "Jacobian": [[[-1.7413326267156403e+39, -2.2056898529214953e+37], [-2.6874060583172736e+37, -2.5876676129714754e+39], [-1.6894819004439695e+39, -2.1080776341858635e+37], [-2.761528064800434e+37, -2.564966970141856e+39]]], "LS": [[0.22541475296020508, 10]]}