{"est_eps": [[2.4262922233639898e-06, 1.8655806819789542e-06]], "eps": [[2.428272654581253e-06, 1.8630098948048536e-06]], "f_sol": [[9.54344084413448e+30, -1.8118417127318694e+30, -9.639621854563275e+30, 1.8819412147216757e+30]], "Jacobian": [[[-2.6842206875597704e+37, -2.5826924940548722e+39], [-1.7463390936434015e+39, -2.2084121090027277e+37], [-2.768483076628194e+37, -2.5568661554516008e+39], [-1.686978465859089e+39, -2.096874413112055e+37]]], "LS": [[0.30902600288391113, 10]]}